<?xml version="1.0" encoding="UTF-8"?>
<dao xmlns="http://jelix.org/ns/dao/1.0">
    <datasources>
        <primarytable name="author" realname="author" primarykey="idAuthor" />
    </datasources>
    <record>
        <property name="idAuthor" fieldname="idAuthor" datatype="int" autoincrement="true"/>
        <property name="name" fieldname="name" datatype="varchar" required="true" maxlength="50"/>
        <property name="firstname" fieldname="firstname" datatype="varchar" required="true" maxlength="50"/>
        <!--<property name="" fieldname="" datatype="string/int/float/date"
        required="yes" maxlength="" minlength="" regexp="" sequence=""
        updatepattern="" insertpattern="" selectpattern=""/>-->
    </record>
    <factory>
        <!--<method name="findByStage" type="select/selectfirst/delete/update/php">
            <parameter name="" />
            <values>
                <value property="" value="" />
            </values>
            <conditions logic="and/or">
                <eq property="" value="" />
            </conditions>
            <order>
                <orderitem property="" way="asc/desc" />
            </order>
            <limit offset="" count=""/>
            <body><![CDATA[
            ]]></body>
        </method>-->
    </factory>
</dao>
