<?xml version="1.0" encoding="UTF-8"?>
<dao xmlns="http://jelix.org/ns/dao/1.0">
    <datasources>
        <primarytable name="user" realname="user" primarykey="idUser" />
    </datasources>
    <record>
        <property name="idUser" fieldname="idUser" datatype="int" autoincrement="true" required="yes"/>
        <property name="login" fieldname="login"
          required="yes" datatype="string"  maxlength="50" />

      <property name="email" fieldname="email"
                datatype="string" required="yes" maxlength="255" />

      <property name="password" fieldname="password" datatype="string"
                maxlength="120" selectpattern="%s" updatepattern="" insertpattern="%s" />
        <property name="firstname" fieldname="firstname" datatype="varchar" maxlength="50"/>
        <property name="name" fieldname="name" datatype="varchar" maxlength="50"/>
        <property name="admin" fieldname="admin" datatype="int" required="true"/>
        <!--<property name="" fieldname="" datatype="string/int/float/date"
        required="yes" maxlength="" minlength="" regexp="" sequence=""
        updatepattern="" insertpattern="" selectpattern=""/>-->
    </record>
        <factory>
            <method name="getByLoginPassword" type="selectfirst">
                <parameter name="login" />
                <parameter name="password" />

                <conditions>
                    <eq property="login" expr="$login" />
                    <eq property="password" expr="$password" />
                </conditions>
            </method>

            <method name="getByLogin" type="selectfirst">
                <parameter name="login" />

                <conditions>
                    <eq property="login" expr="$login" />
                </conditions>
            </method>

            <method name="updatePassword" type="update">
                <parameter name="login" />
                <parameter name="password" />

                <values>
                    <value property="password" expr="$password"/>
                </values>
                <conditions>
                    <eq property="login" expr="$login" />
                </conditions>
            </method>

            <method name="deleteByLogin" type="delete">
                <parameter name="login" />
                <conditions>
                    <eq property="login" expr="$login" />
                </conditions>
            </method>

            <method name="findByLogin" type="select">
                <parameter name="pattern" />
                <conditions>
                    <like property="login" expr="$pattern" />
                </conditions>
                <order>
                    <orderitem property="login" way="asc" />
                 </order>
            </method>
            <method name="findAll" type="select">
                <order>
                    <orderitem property="login" way="asc" />
                </order>
            </method>

        </factory>
        
        <!--<method name="findByStage" type="select/selectfirst/delete/update/php">
            <parameter name="" />
            <values>
                <value property="" value="" />
            </values>
            <conditions logic="and/or">
                <eq property="" value="" />
            </conditions>
            <order>
                <orderitem property="" way="asc/desc" />
            </order>
            <limit offset="" count=""/>
            <body><![CDATA[
            ]]></body>
        </method>-->
</dao>
